<application>
  <component name="ProjectManager">
    <defaultProject>
      <component name="Encoding" addBOMForNewFiles="with BOM under Windows, with no BOM otherwise" />
      <component name="PropertiesComponent">{
  &quot;keyToString&quot;: {
    &quot;settings.editor.selected.configurable&quot;: &quot;advanced.settings&quot;
  }
}</component>
      <component name="TaskManager">
        <task active="true" id="Default" summary="Default task">
          <created>1692922132872</created>
          <option name="number" value="Default" />
          <option name="presentableId" value="Default" />
          <updated>1692922132872</updated>
        </task>
        <servers />
      </component>
      <component name="WindowStateProjectService">
        <state x="2152" y="336" key="Rider.ProjectTemplateDialog.Size" timestamp="1698735001448">
          <screen x="0" y="30" width="5120" height="1410" />
        </state>
        <state x="2152" y="336" key="Rider.ProjectTemplateDialog.Size/0.30.5120.1410" timestamp="1698735001448" />
        <state x="2061" y="240" width="1329" height="852" key="SettingsEditor" timestamp="1692922196167">
          <screen x="0" y="30" width="5120" height="1410" />
        </state>
        <state x="2061" y="240" width="1329" height="852" key="SettingsEditor/0.30.5120.1410" timestamp="1692922196167" />
      </component>
      <component name="masterDetails">
        <states>
          <state key="ScopeChooserConfigurable.UI">
            <settings>
              <splitter-proportions>
                <option name="proportions">
                  <list>
                    <option value="0.2" />
                  </list>
                </option>
              </splitter-proportions>
            </settings>
          </state>
        </states>
      </component>
    </defaultProject>
  </component>
</application>